{"SP1_ID1": 0.015625, "SP1_ID2": 0.09375, "SP1_ID3": 0.046875, "SP1_ID4": 0.1875, "SP1_ID5": 0.1875, "SP1_ID6": 0.046875, "SP1_ID7": 0.125, "SP1_ID8": 0.1875, "SP1_ID9": 0.09375, "SP1_ID10": 0.015625}