{"SP2_ID1": 0.015625, "SP2_ID2": 0.09375, "SP2_ID3": 0.046875, "SP2_ID4": 0.1875, "SP2_ID5": 0.1875, "SP2_ID6": 0.046875, "SP2_ID7": 0.125, "SP2_ID8": 0.1875, "SP2_ID9": 0.09375, "SP2_ID10": 0.015625}