{"ID1": 0.015625, "ID2": 0.09375, "ID3": 0.046875, "ID4": 0.1875, "ID5": 0.1875, "ID6": 0.046875, "ID7": 0.125, "ID8": 0.1875, "ID9": 0.09375, "ID10": 0.015625}