{"SP3_ID1": 0.00390625, "SP3_ID2": 0.03125, "SP3_ID3": 0.015625, "SP3_ID4": 0.09375, "SP3_ID5": 0.09375, "SP3_ID6": 0.0234375, "SP3_ID7": 0.125, "SP3_ID8": 0.1875, "SP3_ID9": 0.09375, "SP3_ID10": 0.015625, "SP3_ID11": 0.0625, "SP3_ID12": 0.125, "SP3_ID13": 0.09375, "SP3_ID14": 0.03125, "SP3_ID15": 0.00390625}