{"SP4_ID1": 0.00390625, "SP4_ID2": 0.03125, "SP4_ID3": 0.015625, "SP4_ID4": 0.09375, "SP4_ID5": 0.09375, "SP4_ID6": 0.0234375, "SP4_ID7": 0.125, "SP4_ID8": 0.1875, "SP4_ID9": 0.09375, "SP4_ID10": 0.015625, "SP4_ID11": 0.0625, "SP4_ID12": 0.125, "SP4_ID13": 0.09375, "SP4_ID14": 0.03125, "SP4_ID15": 0.00390625}