{"SP5_ID1": 0.015625, "SP5_ID2": 0.09375, "SP5_ID3": 0.046875, "SP5_ID4": 0.1875, "SP5_ID5": 0.1875, "SP5_ID6": 0.046875, "SP5_ID7": 0.125, "SP5_ID8": 0.1875, "SP5_ID9": 0.09375, "SP5_ID10": 0.015625}