{"SP6_ID1": 0.015625, "SP6_ID2": 0.09375, "SP6_ID3": 0.046875, "SP6_ID4": 0.1875, "SP6_ID5": 0.1875, "SP6_ID6": 0.046875, "SP6_ID7": 0.125, "SP6_ID8": 0.1875, "SP6_ID9": 0.09375, "SP6_ID10": 0.015625}