{"SP7_ID1": 0.00390625, "SP7_ID2": 0.03125, "SP7_ID3": 0.015625, "SP7_ID4": 0.09375, "SP7_ID5": 0.09375, "SP7_ID6": 0.0234375, "SP7_ID7": 0.125, "SP7_ID8": 0.1875, "SP7_ID9": 0.09375, "SP7_ID10": 0.015625, "SP7_ID11": 0.0625, "SP7_ID12": 0.125, "SP7_ID13": 0.09375, "SP7_ID14": 0.03125, "SP7_ID15": 0.00390625}