{"SP8_ID1": 0.00390625, "SP8_ID2": 0.03125, "SP8_ID3": 0.015625, "SP8_ID4": 0.09375, "SP8_ID5": 0.09375, "SP8_ID6": 0.0234375, "SP8_ID7": 0.125, "SP8_ID8": 0.1875, "SP8_ID9": 0.09375, "SP8_ID10": 0.015625, "SP8_ID11": 0.0625, "SP8_ID12": 0.125, "SP8_ID13": 0.09375, "SP8_ID14": 0.03125, "SP8_ID15": 0.00390625}