{"ID1": 0.00390625, "ID2": 0.03125, "ID3": 0.015625, "ID4": 0.09375, "ID5": 0.09375, "ID6": 0.0234375, "ID7": 0.125, "ID8": 0.1875, "ID9": 0.09375, "ID10": 0.015625, "ID11": 0.0625, "ID12": 0.125, "ID13": 0.09375, "ID14": 0.03125, "ID15": 0.00390625}